name,rating,description,postalcode
Ritchie and Sons,4,"Vestibulum quam sapien, varius ut, blandit non, interdum in, ante. Vestibulum ante ipsum primis in faucibus orci luctus et ultrices posuere cubilia Curae; Duis faucibus accumsan odio. Curabitur convallis.", 5A5
Collins Inc,4,"In hac habitasse platea dictumst. Morbi vestibulum, velit id pretium iaculis, diam erat fermentum justo, nec condimentum neque sapien placerat ante. Nulla justo.", 7A7
"DuBuque, Harber and Macejkovic",1,"Curabitur gravida nisi at nibh. In hac habitasse platea dictumst. Aliquam augue quam, sollicitudin vitae, consectetuer eget, rutrum at, lorem.",SG4 6E7
"Hackett, Roob and Hartmann",3,In congue. Etiam justo. Etiam pretium iaculis justo.,77140 0X0
"Nienow, Corwin and Torp",4,Aenean lectus. Pellentesque eget nunc. Donec quis orci eget orci vehicula condimentum., 5T4
"Altenwerth, Quitzon and Gutkowski",5,"Quisque id justo sit amet sapien dignissim vestibulum. Vestibulum ante ipsum primis in faucibus orci luctus et ultrices posuere cubilia Curae; Nulla dapibus dolor vel est. Donec odio justo, sollicitudin ut, suscipit a, feugiat et, eros.", 5A0
"Jacobs, Moen and Gulgowski",1,Integer tincidunt ante vel ipsum. Praesent blandit lacinia erat. Vestibulum sed magna at nunc commodo placerat., 6J1
"Parisian, Wilkinson and Kuhn",2,Sed ante. Vivamus tortor. Duis mattis egestas metus., 4V9
"Mann, Abbott and Hagenes",5,Aliquam quis turpis eget elit sodales scelerisque. Mauris sit amet eros. Suspendisse accumsan tortor quis turpis.,75799 7R8
"Jaskolski, Effertz and Mills",3,Duis aliquam convallis nunc. Proin at turpis a pede posuere nonummy. Integer non velit., 0E3
Brakus LLC,1,"Praesent blandit. Nam nulla. Integer pede justo, lacinia eget, tincidunt eget, tempus vel, pede.",10311 4B8
"Ondricka, Bergstrom and Marks",2,"In hac habitasse platea dictumst. Morbi vestibulum, velit id pretium iaculis, diam erat fermentum justo, nec condimentum neque sapien placerat ante. Nulla justo.",29327 CEDEX 5G7
Ward-Parisian,3,"Mauris enim leo, rhoncus sed, vestibulum sit amet, cursus id, turpis. Integer aliquet, massa id lobortis convallis, tortor risus dapibus augue, vel accumsan tellus nisi eu orci. Mauris lacinia sapien quis libero.", 9R4
Satterfield-Kling,4,"Mauris enim leo, rhoncus sed, vestibulum sit amet, cursus id, turpis. Integer aliquet, massa id lobortis convallis, tortor risus dapibus augue, vel accumsan tellus nisi eu orci. Mauris lacinia sapien quis libero.",88000-000 8L3
Grimes-Sauer,3,"Mauris enim leo, rhoncus sed, vestibulum sit amet, cursus id, turpis. Integer aliquet, massa id lobortis convallis, tortor risus dapibus augue, vel accumsan tellus nisi eu orci. Mauris lacinia sapien quis libero.", 9G1
Murray-Wolff,4,"Quisque id justo sit amet sapien dignissim vestibulum. Vestibulum ante ipsum primis in faucibus orci luctus et ultrices posuere cubilia Curae; Nulla dapibus dolor vel est. Donec odio justo, sollicitudin ut, suscipit a, feugiat et, eros.", 4X0
Brekke Inc,2,"Cras mi pede, malesuada in, imperdiet et, commodo vulputate, justo. In blandit ultrices enim. Lorem ipsum dolor sit amet, consectetuer adipiscing elit.", 1J6
"Zulauf, Haley and Gutmann",2,Aenean lectus. Pellentesque eget nunc. Donec quis orci eget orci vehicula condimentum., 8T2
Stark and Sons,1,Nulla ut erat id mauris vulputate elementum. Nullam varius. Nulla facilisi.,1812 4C7
Ratke LLC,4,Pellentesque at nulla. Suspendisse potenti. Cras in purus eu magna vulputate luctus., 1R3
Kunze-Gislason,3,In quis justo. Maecenas rhoncus aliquam lacus. Morbi quis tortor id nulla ultrices aliquet., 1J0
"Hodkiewicz, Predovic and Jakubowski",5,Suspendisse potenti. In eleifend quam a odio. In hac habitasse platea dictumst., 3L4
"Jerde, Jaskolski and White",3,"Morbi porttitor lorem id ligula. Suspendisse ornare consequat lectus. In est risus, auctor sed, tristique in, tempus sit amet, sem.",89-320 4E3
Wisoky-Gutkowski,5,In congue. Etiam justo. Etiam pretium iaculis justo., 0N7
Bartell-Balistreri,4,"Donec diam neque, vestibulum eget, vulputate ut, ultrices vel, augue. Vestibulum ante ipsum primis in faucibus orci luctus et ultrices posuere cubilia Curae; Donec pharetra, magna vestibulum aliquet ultrices, erat tortor sollicitudin mi, sit amet lobortis sapien sapien non mi. Integer ac neque.", 3Y7
Strosin-Dach,4,"Maecenas tristique, est et tempus semper, est quam pharetra magna, ac consequat metus sapien ut nunc. Vestibulum ante ipsum primis in faucibus orci luctus et ultrices posuere cubilia Curae; Mauris viverra diam vitae quam. Suspendisse potenti.",624607 8L9
"Gusikowski, Kunde and Hoppe",5,"Morbi non lectus. Aliquam sit amet diam in magna bibendum imperdiet. Nullam orci pede, venenatis non, sodales sed, tincidunt eu, felis.",503 43 3X9
Harber and Sons,4,Duis bibendum. Morbi non quam nec dui luctus rutrum. Nulla tellus.,9241 9L3
"Mohr, Hermann and Lindgren",3,Nullam porttitor lacus at turpis. Donec posuere metus vitae ipsum. Aliquam non mauris., 3P4
Bernier-O'Reilly,5,"Fusce posuere felis sed lacus. Morbi sem mauris, laoreet ut, rhoncus aliquet, pulvinar sed, nisl. Nunc rhoncus dui vel sem.", 7T2
"Mosciski, Gottlieb and Boyer",5,"Morbi porttitor lorem id ligula. Suspendisse ornare consequat lectus. In est risus, auctor sed, tristique in, tempus sit amet, sem.",37260-000 8B9
"McCullough, Hirthe and Ernser",3,"Vestibulum quam sapien, varius ut, blandit non, interdum in, ante. Vestibulum ante ipsum primis in faucibus orci luctus et ultrices posuere cubilia Curae; Duis faucibus accumsan odio. Curabitur convallis.",250 91 4G2
"Windler, West and Bailey",3,Duis bibendum. Morbi non quam nec dui luctus rutrum. Nulla tellus., 6L0
Crona-Barton,3,"In hac habitasse platea dictumst. Morbi vestibulum, velit id pretium iaculis, diam erat fermentum justo, nec condimentum neque sapien placerat ante. Nulla justo.", 0P3
"Beahan, Stark and Lakin",1,"Cum sociis natoque penatibus et magnis dis parturient montes, nascetur ridiculus mus. Vivamus vestibulum sagittis sapien. Cum sociis natoque penatibus et magnis dis parturient montes, nascetur ridiculus mus.",197755 1B3
"Steuber, Bailey and Wintheiser",5,"Fusce posuere felis sed lacus. Morbi sem mauris, laoreet ut, rhoncus aliquet, pulvinar sed, nisl. Nunc rhoncus dui vel sem.",6011 9W8
Hintz-Keeling,5,Nullam sit amet turpis elementum ligula vehicula consequat. Morbi a ipsum. Integer a nibh.,H23 8Z9
Turner LLC,5,"In hac habitasse platea dictumst. Morbi vestibulum, velit id pretium iaculis, diam erat fermentum justo, nec condimentum neque sapien placerat ante. Nulla justo.", 4A7
Davis LLC,1,"Proin eu mi. Nulla ac enim. In tempor, turpis nec euismod scelerisque, quam turpis adipiscing lorem, vitae mattis nibh ligula nec sem.",13456 CEDEX 13 9V6
Bechtelar-Yost,1,"Praesent blandit. Nam nulla. Integer pede justo, lacinia eget, tincidunt eget, tempus vel, pede.", 6P9
"Cummerata, Jacobi and Blanda",2,"Curabitur gravida nisi at nibh. In hac habitasse platea dictumst. Aliquam augue quam, sollicitudin vitae, consectetuer eget, rutrum at, lorem.",71142 9X5
Wehner-Dibbert,2,Integer tincidunt ante vel ipsum. Praesent blandit lacinia erat. Vestibulum sed magna at nunc commodo placerat.,699-1105 3R4
Cummerata Group,5,"Sed sagittis. Nam congue, risus semper porta volutpat, quam pede lobortis ligula, sit amet eleifend pede libero quis orci. Nullam molestie nibh in lectus.", 2M4
Baumbach-Brekke,5,Fusce consequat. Nulla nisl. Nunc nisl., 5J5
"Lakin, Rau and Armstrong",5,"Aenean fermentum. Donec ut mauris eget massa tempor convallis. Nulla neque libero, convallis eget, eleifend luctus, ultricies eu, nibh.",MD-4801 1M9
"Rolfson, Lang and Bosco",3,"Cum sociis natoque penatibus et magnis dis parturient montes, nascetur ridiculus mus. Vivamus vestibulum sagittis sapien. Cum sociis natoque penatibus et magnis dis parturient montes, nascetur ridiculus mus.",351 97 6V8
"Hane, Raynor and Towne",4,"Vestibulum quam sapien, varius ut, blandit non, interdum in, ante. Vestibulum ante ipsum primis in faucibus orci luctus et ultrices posuere cubilia Curae; Duis faucibus accumsan odio. Curabitur convallis.", 0S6
"Beer, Weissnat and Hackett",4,"Fusce posuere felis sed lacus. Morbi sem mauris, laoreet ut, rhoncus aliquet, pulvinar sed, nisl. Nunc rhoncus dui vel sem.", 3C1
"Jaskolski, Gleason and Hyatt",2,Aenean lectus. Pellentesque eget nunc. Donec quis orci eget orci vehicula condimentum.,30006 CEDEX 4 1N3
"Rempel, Weissnat and Hilll",4,Aliquam quis turpis eget elit sodales scelerisque. Mauris sit amet eros. Suspendisse accumsan tortor quis turpis., 5L4
Schmidt-Casper,4,"Maecenas tristique, est et tempus semper, est quam pharetra magna, ac consequat metus sapien ut nunc. Vestibulum ante ipsum primis in faucibus orci luctus et ultrices posuere cubilia Curae; Mauris viverra diam vitae quam. Suspendisse potenti.",38550-000 2J7
Russel Group,3,Aenean lectus. Pellentesque eget nunc. Donec quis orci eget orci vehicula condimentum.,821 94 0L0
Collins-Pfannerstill,4,"Proin eu mi. Nulla ac enim. In tempor, turpis nec euismod scelerisque, quam turpis adipiscing lorem, vitae mattis nibh ligula nec sem.", 4E8
Welch and Sons,5,Phasellus in felis. Donec semper sapien a libero. Nam dui.,442080 7L4
Spencer-Davis,4,Nulla ut erat id mauris vulputate elementum. Nullam varius. Nulla facilisi., 8N2
Ortiz-Fritsch,2,"Aenean fermentum. Donec ut mauris eget massa tempor convallis. Nulla neque libero, convallis eget, eleifend luctus, ultricies eu, nibh.",7506 5B2
Durgan Inc,1,Praesent id massa id nisl venenatis lacinia. Aenean sit amet justo. Morbi ut odio., 2Z7
"Hoppe, Jones and Ferry",4,"Cum sociis natoque penatibus et magnis dis parturient montes, nascetur ridiculus mus. Vivamus vestibulum sagittis sapien. Cum sociis natoque penatibus et magnis dis parturient montes, nascetur ridiculus mus.", 1C4
"Bosco, Schamberger and Conroy",5,"Praesent blandit. Nam nulla. Integer pede justo, lacinia eget, tincidunt eget, tempus vel, pede.",3062 2P7
Heidenreich-Feil,2,Etiam vel augue. Vestibulum rutrum rutrum neque. Aenean auctor gravida sem., 2P3
Bauch and Sons,1,"Sed sagittis. Nam congue, risus semper porta volutpat, quam pede lobortis ligula, sit amet eleifend pede libero quis orci. Nullam molestie nibh in lectus.",614532 2K0
Wintheiser Inc,2,"Maecenas leo odio, condimentum id, luctus nec, molestie sed, justo. Pellentesque viverra pede ac diam. Cras pellentesque volutpat dui.",3711 4L3
Homenick-Berge,2,Pellentesque at nulla. Suspendisse potenti. Cras in purus eu magna vulputate luctus.,58-130 8R3
"Marvin, Konopelski and Zulauf",3,"Mauris enim leo, rhoncus sed, vestibulum sit amet, cursus id, turpis. Integer aliquet, massa id lobortis convallis, tortor risus dapibus augue, vel accumsan tellus nisi eu orci. Mauris lacinia sapien quis libero.", 3E6
"Grady, Boyer and Carter",5,Nulla ut erat id mauris vulputate elementum. Nullam varius. Nulla facilisi.,781 29 6W2
"Dibbert, Baumbach and Shanahan",3,"Proin leo odio, porttitor id, consequat in, consequat ut, nulla. Sed accumsan felis. Ut at dolor quis odio consequat varius.",10310 4T2
"Williamson, Rohan and Reichert",2,"Mauris enim leo, rhoncus sed, vestibulum sit amet, cursus id, turpis. Integer aliquet, massa id lobortis convallis, tortor risus dapibus augue, vel accumsan tellus nisi eu orci. Mauris lacinia sapien quis libero.", 5Z0
Pacocha-Feeney,4,Phasellus sit amet erat. Nulla tempus. Vivamus in felis eu sapien cursus vestibulum.,19151 5W8
"Greenholt, Hoppe and Lakin",1,Sed ante. Vivamus tortor. Duis mattis egestas metus.,9754 8C2
"Terry, Stroman and Mertz",2,"Aenean fermentum. Donec ut mauris eget massa tempor convallis. Nulla neque libero, convallis eget, eleifend luctus, ultricies eu, nibh.",06550-000 2J7
"Grant, Collins and Paucek",1,"Cum sociis natoque penatibus et magnis dis parturient montes, nascetur ridiculus mus. Vivamus vestibulum sagittis sapien. Cum sociis natoque penatibus et magnis dis parturient montes, nascetur ridiculus mus.",4101 1E2
Aufderhar-White,1,"Maecenas tristique, est et tempus semper, est quam pharetra magna, ac consequat metus sapien ut nunc. Vestibulum ante ipsum primis in faucibus orci luctus et ultrices posuere cubilia Curae; Mauris viverra diam vitae quam. Suspendisse potenti.",171543 6E8
"Padberg, Runolfsson and Doyle",2,"Proin leo odio, porttitor id, consequat in, consequat ut, nulla. Sed accumsan felis. Ut at dolor quis odio consequat varius.",899-1741 6L5
"Lind, Wiegand and Bednar",3,Duis aliquam convallis nunc. Proin at turpis a pede posuere nonummy. Integer non velit.,6139 8H0
Wiegand-Herzog,3,Duis bibendum. Morbi non quam nec dui luctus rutrum. Nulla tellus.,5614 2M8
"Stehr, Schowalter and Hessel",5,Nullam sit amet turpis elementum ligula vehicula consequat. Morbi a ipsum. Integer a nibh.,13599 2N6
Wehner-Pollich,5,Duis consequat dui nec nisi volutpat eleifend. Donec ut dolor. Morbi vel lectus in quam fringilla rhoncus., 3Y3
Bartell-McKenzie,5,"Vestibulum quam sapien, varius ut, blandit non, interdum in, ante. Vestibulum ante ipsum primis in faucibus orci luctus et ultrices posuere cubilia Curae; Duis faucibus accumsan odio. Curabitur convallis.", 2J7
Bartell-Breitenberg,5,Cras non velit nec nisi vulputate nonummy. Maecenas tincidunt lacus at velit. Vivamus vel nulla eget eros elementum pellentesque., 3H9
Sawayn-VonRueden,1,In congue. Etiam justo. Etiam pretium iaculis justo., 6B1
"Purdy, Lebsack and Watsica",1,"Curabitur gravida nisi at nibh. In hac habitasse platea dictumst. Aliquam augue quam, sollicitudin vitae, consectetuer eget, rutrum at, lorem.",811-2405 7J4
Denesik-Lubowitz,4,"Vestibulum ac est lacinia nisi venenatis tristique. Fusce congue, diam id ornare imperdiet, sapien urna pretium nisl, ut volutpat sapien arcu sed augue. Aliquam erat volutpat.", 1R1
Satterfield-Kuhic,4,"Quisque id justo sit amet sapien dignissim vestibulum. Vestibulum ante ipsum primis in faucibus orci luctus et ultrices posuere cubilia Curae; Nulla dapibus dolor vel est. Donec odio justo, sollicitudin ut, suscipit a, feugiat et, eros.", 1B4
Bins-Emmerich,2,Pellentesque at nulla. Suspendisse potenti. Cras in purus eu magna vulputate luctus.,1114 5B1
"Mante, Aufderhar and Schroeder",3,"Duis bibendum, felis sed interdum venenatis, turpis enim blandit mi, in porttitor pede justo eu massa. Donec dapibus. Duis at velit eu est congue elementum.",97000-000 2Z0
Herman-Borer,2,Cras non velit nec nisi vulputate nonummy. Maecenas tincidunt lacus at velit. Vivamus vel nulla eget eros elementum pellentesque., 2P7
Kris Group,2,Nullam sit amet turpis elementum ligula vehicula consequat. Morbi a ipsum. Integer a nibh.,155625 5H3
Okuneva-Zulauf,5,Aenean lectus. Pellentesque eget nunc. Donec quis orci eget orci vehicula condimentum., 1C8
Kunze and Sons,2,Integer ac leo. Pellentesque ultrices mattis odio. Donec vitae nisi.,38-473 2S3
Hoppe Group,3,"Proin leo odio, porttitor id, consequat in, consequat ut, nulla. Sed accumsan felis. Ut at dolor quis odio consequat varius.",2425-317 4Z5
O'Reilly-Tillman,5,Phasellus in felis. Donec semper sapien a libero. Nam dui.,628126 1R0
Tromp-Ortiz,4,Nulla ut erat id mauris vulputate elementum. Nullam varius. Nulla facilisi., 3P3
"Bahringer, Hudson and Friesen",3,Duis aliquam convallis nunc. Proin at turpis a pede posuere nonummy. Integer non velit.,267 35 9M8
Schneider Group,3,"Curabitur in libero ut massa volutpat convallis. Morbi odio odio, elementum eu, interdum eu, tincidunt in, leo. Maecenas pulvinar lobortis est.", 1E3
"O'Kon, Pacocha and Hane",1,Duis aliquam convallis nunc. Proin at turpis a pede posuere nonummy. Integer non velit., 9V5
"Homenick, Upton and Bahringer",3,Nulla ut erat id mauris vulputate elementum. Nullam varius. Nulla facilisi., 1L2
"McGlynn, Leffler and Gulgowski",3,Integer ac leo. Pellentesque ultrices mattis odio. Donec vitae nisi.,44-373 3G5
Blanda-Gutmann,5,Aenean lectus. Pellentesque eget nunc. Donec quis orci eget orci vehicula condimentum.,140083 0R4
Raynor-Reynolds,2,"Duis bibendum, felis sed interdum venenatis, turpis enim blandit mi, in porttitor pede justo eu massa. Donec dapibus. Duis at velit eu est congue elementum.",40687 1M0
Hodkiewicz Group,3,Duis consequat dui nec nisi volutpat eleifend. Donec ut dolor. Morbi vel lectus in quam fringilla rhoncus., 3M4
Simonis Group,4,Aliquam quis turpis eget elit sodales scelerisque. Mauris sit amet eros. Suspendisse accumsan tortor quis turpis.,32-622 1T5
"Legros, Hills and Gerhold",1,Duis aliquam convallis nunc. Proin at turpis a pede posuere nonummy. Integer non velit.,353715 1L7
Predovic and Sons,5,"Cras mi pede, malesuada in, imperdiet et, commodo vulputate, justo. In blandit ultrices enim. Lorem ipsum dolor sit amet, consectetuer adipiscing elit.",17004 7H6
Weissnat-Schamberger,3,"Morbi non lectus. Aliquam sit amet diam in magna bibendum imperdiet. Nullam orci pede, venenatis non, sodales sed, tincidunt eu, felis.",V2X 6R1
"Buckridge, King and Moen",2,"Lorem ipsum dolor sit amet, consectetuer adipiscing elit. Proin risus. Praesent lectus.",4120 4N9
Crona-Goldner,3,Suspendisse potenti. In eleifend quam a odio. In hac habitasse platea dictumst., 9J0
Predovic and Sons,5,Integer tincidunt ante vel ipsum. Praesent blandit lacinia erat. Vestibulum sed magna at nunc commodo placerat.,34-432 4W0
Baumbach and Sons,4,"In sagittis dui vel nisl. Duis ac nibh. Fusce lacus purus, aliquet at, feugiat non, pretium quis, lectus.", 8J0
"Robel, Heller and Bayer",1,Duis consequat dui nec nisi volutpat eleifend. Donec ut dolor. Morbi vel lectus in quam fringilla rhoncus.,368209 8N7
"Bernier, Schowalter and Zulauf",3,"Vestibulum quam sapien, varius ut, blandit non, interdum in, ante. Vestibulum ante ipsum primis in faucibus orci luctus et ultrices posuere cubilia Curae; Duis faucibus accumsan odio. Curabitur convallis.",2580-128 8V5
Schaefer-Thompson,2,"Lorem ipsum dolor sit amet, consectetuer adipiscing elit. Proin risus. Praesent lectus.", 1S9
Moen-Blanda,3,Maecenas ut massa quis augue luctus tincidunt. Nulla mollis molestie lorem. Quisque ut erat.,10105 7Z9
"Koss, Schaden and Emmerich",1,Nullam sit amet turpis elementum ligula vehicula consequat. Morbi a ipsum. Integer a nibh., 2Y6
Glover Inc,1,"Maecenas tristique, est et tempus semper, est quam pharetra magna, ac consequat metus sapien ut nunc. Vestibulum ante ipsum primis in faucibus orci luctus et ultrices posuere cubilia Curae; Mauris viverra diam vitae quam. Suspendisse potenti.",620920 1Z8
"Sauer, Ferry and Kulas",2,"Vestibulum ac est lacinia nisi venenatis tristique. Fusce congue, diam id ornare imperdiet, sapien urna pretium nisl, ut volutpat sapien arcu sed augue. Aliquam erat volutpat.",392999 2K4
"Leffler, Skiles and Hintz",3,In hac habitasse platea dictumst. Etiam faucibus cursus urna. Ut tellus.,9325-006 7W4
Halvorson and Sons,3,In quis justo. Maecenas rhoncus aliquam lacus. Morbi quis tortor id nulla ultrices aliquet.,168 58 9E0
Marvin Inc,5,Sed ante. Vivamus tortor. Duis mattis egestas metus.,27109 CEDEX 9V9
Kuhlman Inc,4,Duis consequat dui nec nisi volutpat eleifend. Donec ut dolor. Morbi vel lectus in quam fringilla rhoncus., 1P1
Wilkinson-Murray,4,Aenean lectus. Pellentesque eget nunc. Donec quis orci eget orci vehicula condimentum.,58140 0K7
"Thiel, Nienow and Spinka",4,"Vestibulum quam sapien, varius ut, blandit non, interdum in, ante. Vestibulum ante ipsum primis in faucibus orci luctus et ultrices posuere cubilia Curae; Duis faucibus accumsan odio. Curabitur convallis.", 0J7
"Gerhold, Paucek and Gerlach",4,"Proin leo odio, porttitor id, consequat in, consequat ut, nulla. Sed accumsan felis. Ut at dolor quis odio consequat varius.",979-1757 5E3
Hammes Inc,5,Duis aliquam convallis nunc. Proin at turpis a pede posuere nonummy. Integer non velit., 1Z9
"Jast, O'Hara and Stanton",3,"Praesent blandit. Nam nulla. Integer pede justo, lacinia eget, tincidunt eget, tempus vel, pede.", 0L0
Johnston-Adams,3,"Cum sociis natoque penatibus et magnis dis parturient montes, nascetur ridiculus mus. Vivamus vestibulum sagittis sapien. Cum sociis natoque penatibus et magnis dis parturient montes, nascetur ridiculus mus.",393925 7W6
Buckridge LLC,1,"Proin interdum mauris non ligula pellentesque ultrices. Phasellus id sapien in sapien iaculis congue. Vivamus metus arcu, adipiscing molestie, hendrerit at, vulputate vitae, nisl.", 0X0
"Torp, Kirlin and Wehner",1,"Duis bibendum, felis sed interdum venenatis, turpis enim blandit mi, in porttitor pede justo eu massa. Donec dapibus. Duis at velit eu est congue elementum.", 7G5
Nader Inc,1,"Fusce posuere felis sed lacus. Morbi sem mauris, laoreet ut, rhoncus aliquet, pulvinar sed, nisl. Nunc rhoncus dui vel sem.",95251 CEDEX 6Y1
Padberg-Beer,1,Cras non velit nec nisi vulputate nonummy. Maecenas tincidunt lacus at velit. Vivamus vel nulla eget eros elementum pellentesque., 1C4
"Cummerata, Welch and Mohr",5,"Curabitur gravida nisi at nibh. In hac habitasse platea dictumst. Aliquam augue quam, sollicitudin vitae, consectetuer eget, rutrum at, lorem.", 4T4
Dickinson and Sons,3,In hac habitasse platea dictumst. Etiam faucibus cursus urna. Ut tellus.,H3Z 4W9
"Harris, Zboncak and Ryan",2,"In hac habitasse platea dictumst. Morbi vestibulum, velit id pretium iaculis, diam erat fermentum justo, nec condimentum neque sapien placerat ante. Nulla justo.",692980 8N4
Hauck-Windler,4,"Proin eu mi. Nulla ac enim. In tempor, turpis nec euismod scelerisque, quam turpis adipiscing lorem, vitae mattis nibh ligula nec sem.", 7V4
Beahan-Erdman,4,"Curabitur in libero ut massa volutpat convallis. Morbi odio odio, elementum eu, interdum eu, tincidunt in, leo. Maecenas pulvinar lobortis est.",21300 2V4
"Harvey, Jacobs and Skiles",5,Fusce consequat. Nulla nisl. Nunc nisl., 6E1
Hintz-Mayert,1,"Cras mi pede, malesuada in, imperdiet et, commodo vulputate, justo. In blandit ultrices enim. Lorem ipsum dolor sit amet, consectetuer adipiscing elit.", 1K2
Bernhard-Bernhard,4,"Cum sociis natoque penatibus et magnis dis parturient montes, nascetur ridiculus mus. Vivamus vestibulum sagittis sapien. Cum sociis natoque penatibus et magnis dis parturient montes, nascetur ridiculus mus.",53726 9T0
"Sawayn, Weber and Gutmann",5,"Mauris enim leo, rhoncus sed, vestibulum sit amet, cursus id, turpis. Integer aliquet, massa id lobortis convallis, tortor risus dapibus augue, vel accumsan tellus nisi eu orci. Mauris lacinia sapien quis libero.", 1C2
Bashirian-Wilkinson,2,"Vestibulum quam sapien, varius ut, blandit non, interdum in, ante. Vestibulum ante ipsum primis in faucibus orci luctus et ultrices posuere cubilia Curae; Duis faucibus accumsan odio. Curabitur convallis.", 0W3
Hane LLC,3,"Proin interdum mauris non ligula pellentesque ultrices. Phasellus id sapien in sapien iaculis congue. Vivamus metus arcu, adipiscing molestie, hendrerit at, vulputate vitae, nisl.",347703 8P2
Torp-Quitzon,2,"Morbi non lectus. Aliquam sit amet diam in magna bibendum imperdiet. Nullam orci pede, venenatis non, sodales sed, tincidunt eu, felis.",818-0138 2L4
"Trantow, Gerhold and Harber",4,"Curabitur in libero ut massa volutpat convallis. Morbi odio odio, elementum eu, interdum eu, tincidunt in, leo. Maecenas pulvinar lobortis est.", 9B5
Prohaska-Carter,1,"Cum sociis natoque penatibus et magnis dis parturient montes, nascetur ridiculus mus. Vivamus vestibulum sagittis sapien. Cum sociis natoque penatibus et magnis dis parturient montes, nascetur ridiculus mus.",303580 1K3
"Waelchi, Schroeder and Mraz",4,"Cras mi pede, malesuada in, imperdiet et, commodo vulputate, justo. In blandit ultrices enim. Lorem ipsum dolor sit amet, consectetuer adipiscing elit.",366406 0C2
Howe Inc,2,In hac habitasse platea dictumst. Etiam faucibus cursus urna. Ut tellus., 4Z2
"Baumbach, Heller and Brakus",2,"Quisque porta volutpat erat. Quisque erat eros, viverra eget, congue eget, semper rutrum, nulla. Nunc purus.", 0W6
Keeling-Rau,5,In hac habitasse platea dictumst. Etiam faucibus cursus urna. Ut tellus., 4C8
Runolfsson Inc,5,Pellentesque at nulla. Suspendisse potenti. Cras in purus eu magna vulputate luctus.,6519 5G2
Runolfsdottir-Fay,1,Phasellus sit amet erat. Nulla tempus. Vivamus in felis eu sapien cursus vestibulum.,2440-356 6X0
Kemmer-Hilpert,5,"In sagittis dui vel nisl. Duis ac nibh. Fusce lacus purus, aliquet at, feugiat non, pretium quis, lectus.", 5H2
"Ferry, Fritsch and Cronin",1,"Proin interdum mauris non ligula pellentesque ultrices. Phasellus id sapien in sapien iaculis congue. Vivamus metus arcu, adipiscing molestie, hendrerit at, vulputate vitae, nisl.",6834 8S7
"Casper, Vandervort and Bartell",2,Nulla ut erat id mauris vulputate elementum. Nullam varius. Nulla facilisi., 1K5
Adams-Rice,2,Duis consequat dui nec nisi volutpat eleifend. Donec ut dolor. Morbi vel lectus in quam fringilla rhoncus., 8J0
Blanda-Marquardt,4,Etiam vel augue. Vestibulum rutrum rutrum neque. Aenean auctor gravida sem.,6341 4Y4
"Bednar, Okuneva and Effertz",1,"Sed sagittis. Nam congue, risus semper porta volutpat, quam pede lobortis ligula, sit amet eleifend pede libero quis orci. Nullam molestie nibh in lectus.",152430 9G5
Stiedemann Group,2,"Proin eu mi. Nulla ac enim. In tempor, turpis nec euismod scelerisque, quam turpis adipiscing lorem, vitae mattis nibh ligula nec sem.", 8E7
Mayer Group,2,Suspendisse potenti. In eleifend quam a odio. In hac habitasse platea dictumst., 4S5
Zemlak-Rogahn,3,"In sagittis dui vel nisl. Duis ac nibh. Fusce lacus purus, aliquet at, feugiat non, pretium quis, lectus.",8281 9Z8
"Borer, Runolfsson and Kovacek",1,In quis justo. Maecenas rhoncus aliquam lacus. Morbi quis tortor id nulla ultrices aliquet.,6415 5A0
"Feest, McLaughlin and Shields",4,Aenean lectus. Pellentesque eget nunc. Donec quis orci eget orci vehicula condimentum.,4407 2E9
Jakubowski Group,2,"In sagittis dui vel nisl. Duis ac nibh. Fusce lacus purus, aliquet at, feugiat non, pretium quis, lectus.", 9S1
Keeling-Deckow,2,"Quisque id justo sit amet sapien dignissim vestibulum. Vestibulum ante ipsum primis in faucibus orci luctus et ultrices posuere cubilia Curae; Nulla dapibus dolor vel est. Donec odio justo, sollicitudin ut, suscipit a, feugiat et, eros.",69281 CEDEX 01 9X7
Brown-Hyatt,1,"Proin eu mi. Nulla ac enim. In tempor, turpis nec euismod scelerisque, quam turpis adipiscing lorem, vitae mattis nibh ligula nec sem.", 5M6
"Sawayn, Prohaska and Marquardt",5,In hac habitasse platea dictumst. Etiam faucibus cursus urna. Ut tellus.,MD-7702 0V9
Halvorson Inc,2,"Morbi porttitor lorem id ligula. Suspendisse ornare consequat lectus. In est risus, auctor sed, tristique in, tempus sit amet, sem.",08-550 0E2
Sauer-Stokes,3,Sed ante. Vivamus tortor. Duis mattis egestas metus., 8K1
"Adams, Medhurst and Shields",1,"Proin leo odio, porttitor id, consequat in, consequat ut, nulla. Sed accumsan felis. Ut at dolor quis odio consequat varius.", 0X9
"Weissnat, Schinner and Hills",3,"Vestibulum quam sapien, varius ut, blandit non, interdum in, ante. Vestibulum ante ipsum primis in faucibus orci luctus et ultrices posuere cubilia Curae; Duis faucibus accumsan odio. Curabitur convallis.", 0J9
"Williamson, Murray and Upton",5,Nullam sit amet turpis elementum ligula vehicula consequat. Morbi a ipsum. Integer a nibh., 9R6
Labadie-Will,4,Phasellus sit amet erat. Nulla tempus. Vivamus in felis eu sapien cursus vestibulum.,2710-144 0Z4
Howell-Bogan,3,Nullam sit amet turpis elementum ligula vehicula consequat. Morbi a ipsum. Integer a nibh., 9G0
Green Group,3,Duis bibendum. Morbi non quam nec dui luctus rutrum. Nulla tellus.,54801 3C1
Borer-Ziemann,1,In congue. Etiam justo. Etiam pretium iaculis justo., 7T8
"Ratke, Beatty and Watsica",1,Nullam porttitor lacus at turpis. Donec posuere metus vitae ipsum. Aliquam non mauris.,49-200 6K9
"Predovic, Wintheiser and Bins",3,"Maecenas tristique, est et tempus semper, est quam pharetra magna, ac consequat metus sapien ut nunc. Vestibulum ante ipsum primis in faucibus orci luctus et ultrices posuere cubilia Curae; Mauris viverra diam vitae quam. Suspendisse potenti.", 2C7
Jakubowski-Nolan,2,"Curabitur at ipsum ac tellus semper interdum. Mauris ullamcorper purus sit amet nulla. Quisque arcu libero, rutrum ac, lobortis vel, dapibus at, diam.",13990-000 1Y6
Cassin-Bauch,1,"In hac habitasse platea dictumst. Morbi vestibulum, velit id pretium iaculis, diam erat fermentum justo, nec condimentum neque sapien placerat ante. Nulla justo.", 3X6
Bergnaum and Sons,5,Nullam sit amet turpis elementum ligula vehicula consequat. Morbi a ipsum. Integer a nibh.,27600-000 9C8
White Inc,1,"Maecenas tristique, est et tempus semper, est quam pharetra magna, ac consequat metus sapien ut nunc. Vestibulum ante ipsum primis in faucibus orci luctus et ultrices posuere cubilia Curae; Mauris viverra diam vitae quam. Suspendisse potenti.", 6X5
"Rutherford, Pagac and Jakubowski",3,Nullam sit amet turpis elementum ligula vehicula consequat. Morbi a ipsum. Integer a nibh.,93321 CEDEX 2V9
"Hyatt, Ritchie and Towne",3,"In sagittis dui vel nisl. Duis ac nibh. Fusce lacus purus, aliquet at, feugiat non, pretium quis, lectus.", 9S9
Aufderhar-Lang,3,"Quisque id justo sit amet sapien dignissim vestibulum. Vestibulum ante ipsum primis in faucibus orci luctus et ultrices posuere cubilia Curae; Nulla dapibus dolor vel est. Donec odio justo, sollicitudin ut, suscipit a, feugiat et, eros.",50101 6M9
"Schiller, Larkin and Heathcote",5,"Quisque porta volutpat erat. Quisque erat eros, viverra eget, congue eget, semper rutrum, nulla. Nunc purus.", 8T1
Lesch Group,1,"Cras mi pede, malesuada in, imperdiet et, commodo vulputate, justo. In blandit ultrices enim. Lorem ipsum dolor sit amet, consectetuer adipiscing elit.", 2K8
Cassin-Kirlin,5,In congue. Etiam justo. Etiam pretium iaculis justo.,1706 2A3
"Oberbrunner, Lubowitz and Welch",5,Nullam porttitor lacus at turpis. Donec posuere metus vitae ipsum. Aliquam non mauris., 0Z0
West Group,2,"Proin eu mi. Nulla ac enim. In tempor, turpis nec euismod scelerisque, quam turpis adipiscing lorem, vitae mattis nibh ligula nec sem.",6227 2T3
Bashirian-Simonis,1,"Cras mi pede, malesuada in, imperdiet et, commodo vulputate, justo. In blandit ultrices enim. Lorem ipsum dolor sit amet, consectetuer adipiscing elit.", 7G5
Schaden Group,1,Integer ac leo. Pellentesque ultrices mattis odio. Donec vitae nisi., 7Y9
"Kuhn, Flatley and Casper",3,"Duis bibendum, felis sed interdum venenatis, turpis enim blandit mi, in porttitor pede justo eu massa. Donec dapibus. Duis at velit eu est congue elementum.",971 82 8T3
Franecki-Kutch,3,"Duis bibendum, felis sed interdum venenatis, turpis enim blandit mi, in porttitor pede justo eu massa. Donec dapibus. Duis at velit eu est congue elementum.",39550-000 5A4
"Swift, Leffler and Marks",3,Sed ante. Vivamus tortor. Duis mattis egestas metus.,13192 CEDEX 20 2H0
Bosco LLC,4,"Curabitur gravida nisi at nibh. In hac habitasse platea dictumst. Aliquam augue quam, sollicitudin vitae, consectetuer eget, rutrum at, lorem.", 4M2
McLaughlin and Sons,3,"Nam ultrices, libero non mattis pulvinar, nulla pede ullamcorper augue, a suscipit nulla elit ac nulla. Sed vel enim sit amet nunc viverra dapibus. Nulla suscipit ligula in lacus.", 6P5
"Durgan, Hills and Emmerich",4,Praesent id massa id nisl venenatis lacinia. Aenean sit amet justo. Morbi ut odio., 8W1
Kerluke LLC,3,"Nam ultrices, libero non mattis pulvinar, nulla pede ullamcorper augue, a suscipit nulla elit ac nulla. Sed vel enim sit amet nunc viverra dapibus. Nulla suscipit ligula in lacus.",398 53 5S5
Cole-Russel,5,Etiam vel augue. Vestibulum rutrum rutrum neque. Aenean auctor gravida sem.,396130 1R8
"Schamberger, Bernhard and Larson",2,"Curabitur in libero ut massa volutpat convallis. Morbi odio odio, elementum eu, interdum eu, tincidunt in, leo. Maecenas pulvinar lobortis est.",1060 1R7
Hilll-Graham,4,Nullam porttitor lacus at turpis. Donec posuere metus vitae ipsum. Aliquam non mauris., 1W5
D'Amore Inc,4,Duis bibendum. Morbi non quam nec dui luctus rutrum. Nulla tellus.,8004 5E6
Hermann LLC,3,"Sed sagittis. Nam congue, risus semper porta volutpat, quam pede lobortis ligula, sit amet eleifend pede libero quis orci. Nullam molestie nibh in lectus.", 6B1
Grant and Sons,3,Phasellus sit amet erat. Nulla tempus. Vivamus in felis eu sapien cursus vestibulum.,H12 1B1
Mueller-Stokes,3,"Quisque id justo sit amet sapien dignissim vestibulum. Vestibulum ante ipsum primis in faucibus orci luctus et ultrices posuere cubilia Curae; Nulla dapibus dolor vel est. Donec odio justo, sollicitudin ut, suscipit a, feugiat et, eros.",4600-757 5Y8
Hessel Inc,2,In quis justo. Maecenas rhoncus aliquam lacus. Morbi quis tortor id nulla ultrices aliquet., 6Y2
"Fadel, Purdy and Zieme",4,Nullam sit amet turpis elementum ligula vehicula consequat. Morbi a ipsum. Integer a nibh., 8W3
"Sipes, Pollich and West",5,"Quisque id justo sit amet sapien dignissim vestibulum. Vestibulum ante ipsum primis in faucibus orci luctus et ultrices posuere cubilia Curae; Nulla dapibus dolor vel est. Donec odio justo, sollicitudin ut, suscipit a, feugiat et, eros.", 1X2
Tromp-Heidenreich,5,"In hac habitasse platea dictumst. Morbi vestibulum, velit id pretium iaculis, diam erat fermentum justo, nec condimentum neque sapien placerat ante. Nulla justo.",197720 4E5
Abernathy Group,2,"Quisque porta volutpat erat. Quisque erat eros, viverra eget, congue eget, semper rutrum, nulla. Nunc purus.",15630 4A4
Leffler-Heaney,4,"Morbi non lectus. Aliquam sit amet diam in magna bibendum imperdiet. Nullam orci pede, venenatis non, sodales sed, tincidunt eu, felis.",MD-3200 7N2
Blick LLC,1,"Curabitur gravida nisi at nibh. In hac habitasse platea dictumst. Aliquam augue quam, sollicitudin vitae, consectetuer eget, rutrum at, lorem.", 8M5
"Fay, Runte and Lind",4,Nullam sit amet turpis elementum ligula vehicula consequat. Morbi a ipsum. Integer a nibh., 4Y3
"Herman, Abbott and Champlin",4,"Lorem ipsum dolor sit amet, consectetuer adipiscing elit. Proin risus. Praesent lectus.", 0W4
Lynch Inc,3,"Aenean fermentum. Donec ut mauris eget massa tempor convallis. Nulla neque libero, convallis eget, eleifend luctus, ultricies eu, nibh.",26001 6H9
"Reinger, Williamson and Reichel",2,Suspendisse potenti. In eleifend quam a odio. In hac habitasse platea dictumst., 0C3
"Baumbach, Gerhold and Wilkinson",2,"Curabitur in libero ut massa volutpat convallis. Morbi odio odio, elementum eu, interdum eu, tincidunt in, leo. Maecenas pulvinar lobortis est.", 8E0
Kirlin-Kautzer,2,In hac habitasse platea dictumst. Etiam faucibus cursus urna. Ut tellus.,7111 0W4
"Walker, Grimes and Haley",1,"Morbi porttitor lorem id ligula. Suspendisse ornare consequat lectus. In est risus, auctor sed, tristique in, tempus sit amet, sem.",361805 6K2
Cole Group,2,"Morbi non lectus. Aliquam sit amet diam in magna bibendum imperdiet. Nullam orci pede, venenatis non, sodales sed, tincidunt eu, felis.",692438 9Y2
Nolan-Quitzon,2,"Proin eu mi. Nulla ac enim. In tempor, turpis nec euismod scelerisque, quam turpis adipiscing lorem, vitae mattis nibh ligula nec sem.", 8M4
Weber LLC,3,Duis aliquam convallis nunc. Proin at turpis a pede posuere nonummy. Integer non velit.,1105 9A8
Lowe and Sons,3,"Cum sociis natoque penatibus et magnis dis parturient montes, nascetur ridiculus mus. Vivamus vestibulum sagittis sapien. Cum sociis natoque penatibus et magnis dis parturient montes, nascetur ridiculus mus.", 0J6
Koelpin-Hyatt,5,"Maecenas leo odio, condimentum id, luctus nec, molestie sed, justo. Pellentesque viverra pede ac diam. Cras pellentesque volutpat dui.",720-2417 8Z8
"Lowe, Haley and Becker",5,"Mauris enim leo, rhoncus sed, vestibulum sit amet, cursus id, turpis. Integer aliquet, massa id lobortis convallis, tortor risus dapibus augue, vel accumsan tellus nisi eu orci. Mauris lacinia sapien quis libero.", 2L9
Schroeder-Connelly,4,"In sagittis dui vel nisl. Duis ac nibh. Fusce lacus purus, aliquet at, feugiat non, pretium quis, lectus.",75638 CEDEX 13 8N6
Crooks Inc,4,Sed ante. Vivamus tortor. Duis mattis egestas metus.,911018 4C0
Bailey-Wolff,1,Nullam sit amet turpis elementum ligula vehicula consequat. Morbi a ipsum. Integer a nibh.,9560-097 2T0
"Beatty, Douglas and Roob",1,"Curabitur at ipsum ac tellus semper interdum. Mauris ullamcorper purus sit amet nulla. Quisque arcu libero, rutrum ac, lobortis vel, dapibus at, diam.", 4N5
"Will, Greenfelder and McCullough",5,"Cum sociis natoque penatibus et magnis dis parturient montes, nascetur ridiculus mus. Vivamus vestibulum sagittis sapien. Cum sociis natoque penatibus et magnis dis parturient montes, nascetur ridiculus mus.", 9S8
Hyatt-Renner,3,"Maecenas tristique, est et tempus semper, est quam pharetra magna, ac consequat metus sapien ut nunc. Vestibulum ante ipsum primis in faucibus orci luctus et ultrices posuere cubilia Curae; Mauris viverra diam vitae quam. Suspendisse potenti.", 6R3
Konopelski-Greenfelder,1,"In hac habitasse platea dictumst. Morbi vestibulum, velit id pretium iaculis, diam erat fermentum justo, nec condimentum neque sapien placerat ante. Nulla justo.",94124 CEDEX 6A5
"Kiehn, Barton and Macejkovic",3,"Maecenas tristique, est et tempus semper, est quam pharetra magna, ac consequat metus sapien ut nunc. Vestibulum ante ipsum primis in faucibus orci luctus et ultrices posuere cubilia Curae; Mauris viverra diam vitae quam. Suspendisse potenti.",06173 CEDEX 2 4Y4
Bergstrom Group,1,Fusce consequat. Nulla nisl. Nunc nisl.,1706 7B8
Donnelly-Hayes,5,"Quisque id justo sit amet sapien dignissim vestibulum. Vestibulum ante ipsum primis in faucibus orci luctus et ultrices posuere cubilia Curae; Nulla dapibus dolor vel est. Donec odio justo, sollicitudin ut, suscipit a, feugiat et, eros.", 9P6
Prohaska and Sons,5,"Curabitur at ipsum ac tellus semper interdum. Mauris ullamcorper purus sit amet nulla. Quisque arcu libero, rutrum ac, lobortis vel, dapibus at, diam.",69850-000 4K9
"Abernathy, Lynch and Dibbert",2,"Donec diam neque, vestibulum eget, vulputate ut, ultrices vel, augue. Vestibulum ante ipsum primis in faucibus orci luctus et ultrices posuere cubilia Curae; Donec pharetra, magna vestibulum aliquet ultrices, erat tortor sollicitudin mi, sit amet lobortis sapien sapien non mi. Integer ac neque.",2430-604 3E7
Goodwin-Schaefer,5,Praesent id massa id nisl venenatis lacinia. Aenean sit amet justo. Morbi ut odio.,9951 8E9
"McClure, Von and Doyle",1,"Lorem ipsum dolor sit amet, consectetuer adipiscing elit. Proin risus. Praesent lectus.", 3R3
Ratke-Fahey,3,Duis aliquam convallis nunc. Proin at turpis a pede posuere nonummy. Integer non velit.,27635 9K6
Bogan-Lubowitz,1,"Cum sociis natoque penatibus et magnis dis parturient montes, nascetur ridiculus mus. Vivamus vestibulum sagittis sapien. Cum sociis natoque penatibus et magnis dis parturient montes, nascetur ridiculus mus.",051468 7M2
Howell-Dickinson,5,"Morbi porttitor lorem id ligula. Suspendisse ornare consequat lectus. In est risus, auctor sed, tristique in, tempus sit amet, sem.",78990 8N9
Littel Inc,1,"In hac habitasse platea dictumst. Morbi vestibulum, velit id pretium iaculis, diam erat fermentum justo, nec condimentum neque sapien placerat ante. Nulla justo.",3384 5Y6
Schuppe-Kassulke,4,"Aenean fermentum. Donec ut mauris eget massa tempor convallis. Nulla neque libero, convallis eget, eleifend luctus, ultricies eu, nibh.",75784 CEDEX 16 8B8
"Runolfsdottir, Labadie and Brown",3,"Nam ultrices, libero non mattis pulvinar, nulla pede ullamcorper augue, a suscipit nulla elit ac nulla. Sed vel enim sit amet nunc viverra dapibus. Nulla suscipit ligula in lacus.", 3Y2
"Emmerich, Gutmann and Yundt",1,Aenean lectus. Pellentesque eget nunc. Donec quis orci eget orci vehicula condimentum.,E1W 4B2
Yundt LLC,2,"In sagittis dui vel nisl. Duis ac nibh. Fusce lacus purus, aliquet at, feugiat non, pretium quis, lectus.",10508 3K5
Buckridge-Harris,5,Suspendisse potenti. In eleifend quam a odio. In hac habitasse platea dictumst., 3E4
Becker Group,5,"Cras mi pede, malesuada in, imperdiet et, commodo vulputate, justo. In blandit ultrices enim. Lorem ipsum dolor sit amet, consectetuer adipiscing elit.",14908 CEDEX 9 9X0
Abshire Inc,5,Phasellus in felis. Donec semper sapien a libero. Nam dui., 7R5
"Little, Ratke and Upton",3,"Aenean fermentum. Donec ut mauris eget massa tempor convallis. Nulla neque libero, convallis eget, eleifend luctus, ultricies eu, nibh.", 4K8
Balistreri Inc,4,Duis consequat dui nec nisi volutpat eleifend. Donec ut dolor. Morbi vel lectus in quam fringilla rhoncus.,58209 CEDEX 4R4
